{"_step":22,"test_loss":74.44934844970703,"test_r2":-0.2517945488111615,"_timestamp":1.7514242020719898e+09,"_runtime":1047,"learning_rate":0.01,"_wandb":{"runtime":1047},"train_r2":-0.051268186073316846,"train_loss":57.35813903808594,"test_mae":6.7508931159973145,"epoch":23,"train_mae":6.428515434265137}