{"_wandb":{"runtime":7242},"_runtime":7242,"_step":79,"epoch":80,"contrastive_loss":1.5702088579689104,"_timestamp":1.7630527306718166e+09}