{"train_loss":61.565032958984375,"train_r2":-0.1283728058217979,"_timestamp":1.751438194601234e+09,"train_mae":6.523195743560791,"_wandb":{"runtime":5188},"_runtime":5188,"epoch":106,"learning_rate":0.0005,"test_loss":71.3145523071289,"_step":105,"test_mae":6.623254776000977,"test_r2":-0.19908594054228268}