{"epoch":182,"train_r2":0.6818161631618752,"test_r2":0.509040742675619,"train_loss":2.621307611465454,"train_mae":3.07735538482666,"_runtime":5019,"test_mae":4.489511013031006,"_step":181,"learning_rate":0.001,"test_loss":4.0128278732299805,"_timestamp":1.7514723679516866e+09,"_wandb":{"runtime":5019}}