{"train_loss":5.736634731292725,"train_mae":6.227046012878418,"learning_rate":0.125,"epoch":169,"_wandb":{"runtime":6920},"_runtime":6920,"test_mae":6.5827484130859375,"test_loss":6.108572483062744,"test_r2":-0.17594925848281884,"train_r2":-0.009553591271085349,"_timestamp":1.7515414986127753e+09,"_step":168}