{"_runtime":1959,"_timestamp":1.769073726956275e+09,"_step":79,"epoch":80,"contrastive_loss":0.2715729886432431,"_wandb":{"runtime":1959}}