{"_runtime":4215,"_step":59,"_wandb":{"runtime":4215},"epoch":60,"train_loss":224.15882202674604,"_timestamp":1.7630321378467119e+09,"val_mae":11.263644218444824,"val_rmse":15.52267127025042,"val_r2":0.016836106777191162}