{"train_mae":6.2260050773620605,"learning_rate":0.25,"_runtime":3695,"_step":136,"train_loss":5.7361555099487305,"epoch":137,"train_r2":-0.008228047987319353,"test_mae":6.572030544281006,"_wandb":{"runtime":3695},"test_loss":6.093563079833984,"_timestamp":1.7514962424704294e+09,"test_r2":-0.1687372909924567}