{"train_r2":-0.03640110570600097,"_step":161,"train_mae":6.212033271789551,"test_mae":6.636706352233887,"_timestamp":1.7514405285151818e+09,"epoch":162,"test_r2":-0.2056685728354728,"_wandb":{"runtime":7478},"_runtime":7478,"test_loss":6.636706352233887,"learning_rate":0.0005,"train_loss":6.212033748626709}