{"_step":100,"_runtime":2957,"epoch":101,"train_loss":79.1552963256836,"_timestamp":1.7520635992000272e+09,"train_mae":7.490323543548584,"test_mae":6.985684871673584,"test_loss":65.40341186523438,"test_r2":-0.09969585146560034,"learning_rate":0.5,"_wandb":{"runtime":2957},"train_r2":-0.450769562377795}