{"epoch":195,"_step":194,"learning_rate":0.125,"train_loss":54.560935974121094,"_wandb":{"runtime":6654},"_timestamp":1.751495255301332e+09,"test_mae":6.466167449951172,"test_r2":-0.10561348142349103,"_runtime":6654,"train_mae":6.230045318603516,"test_loss":65.75535583496094,"train_r2":-7.177463694496566e-07}