{"train_mae":4.8147125244140625,"learning_rate":0.0005,"train_loss":35.40579605102539,"_step":50,"epoch":51,"_runtime":8563,"test_r2":0.4882973137175406,"_wandb":{"runtime":8563},"train_r2":0.4267679425438208,"test_mae":4.557998180389404,"_timestamp":1.7538562533393912e+09,"test_loss":30.712139129638672}