{"_timestamp":1.7520652908179886e+09,"_step":245,"train_loss":5.723015785217285,"_wandb":{"runtime":5177},"train_mae":6.2151618003845215,"learning_rate":0.125,"test_r2":-0.14590126922178692,"epoch":246,"test_loss":6.04764461517334,"test_mae":6.53648567199707,"_runtime":5177,"train_r2":-0.015721557566269695}