{"_timestamp":1.7514546703854153e+09,"train_mae":3.7460086345672607,"test_mae":5.034151554107666,"_runtime":5870,"_wandb":{"runtime":5870},"train_r2":0.5879845880683536,"learning_rate":0.001,"test_r2":0.3762845683664867,"_step":174,"test_loss":37.094913482666016,"epoch":175,"train_loss":22.479930877685547}