{"test_r2":0.5544815372714369,"learning_rate":0.00025,"_step":499,"train_loss":3.5621423721313477,"_wandb":{"runtime":13261},"test_mae":4.162644386291504,"train_mae":3.5621426105499268,"train_r2":0.5925959717383265,"_runtime":13261,"test_loss":4.162644386291504,"_timestamp":1.7514620678070023e+09,"epoch":500}