{"test_mae":4.947262287139893,"_timestamp":1.7514332102786455e+09,"_wandb":{"runtime":7599},"test_r2":0.3234285204863293,"epoch":237,"test_loss":40.23847579956055,"train_loss":10.308452606201172,"_step":236,"train_r2":0.8110652059407506,"train_mae":2.4619903564453125,"learning_rate":0.001,"_runtime":7599}