{"_timestamp":1.7690002189760282e+09,"_step":79,"_wandb":{"runtime":11729},"_runtime":11729,"epoch":80,"contrastive_loss":0.574651431911367}