{"_wandb":{"runtime":3257},"_runtime":3257,"train_r2":-0.0016071291410237887,"train_mae":6.206148147583008,"_timestamp":1.7515373716166844e+09,"_step":156,"learning_rate":0.125,"test_loss":6.064899444580078,"test_r2":-0.15463561440402995,"test_mae":6.550388813018799,"epoch":157,"train_loss":5.73642635345459}