{"train_r2":-0.01784589103504297,"_runtime":4572,"learning_rate":0.005,"train_loss":55.534584045410156,"test_mae":6.197483062744141,"_timestamp":1.7520653186762292e+09,"epoch":168,"_step":167,"test_r2":-0.08282871767759348,"_wandb":{"runtime":4572},"test_loss":64.40025329589844,"train_mae":6.2292914390563965}