{"_runtime":2263,"_timestamp":1.7514250909252512e+09,"test_mae":4.506414890289307,"train_loss":30.772192001342773,"_wandb":{"runtime":2263},"train_r2":0.43600283126224504,"epoch":50,"test_loss":30.023035049438477,"test_r2":0.4951913780144055,"learning_rate":0.0005,"_step":49,"train_mae":4.636836051940918}