{"train_loss":54.5609016418457,"train_mae":6.229672431945801,"_runtime":9288,"test_mae":6.468307018280029,"_wandb":{"runtime":9288},"learning_rate":0.025,"_step":316,"epoch":317,"test_loss":65.82257080078125,"train_r2":1.2924818427184626e-05,"test_r2":-0.10674353907314438,"_timestamp":1.7514970294962754e+09}