{"train_r2":0.6320483123508193,"_wandb":{"runtime":10347},"_step":288,"_timestamp":1.7514591607340224e+09,"train_mae":3.1791880130767822,"test_r2":0.5164249428638876,"learning_rate":0.0005,"_runtime":10347,"epoch":289,"test_mae":4.493190288543701,"train_loss":2.7236108779907227,"test_loss":4.013649940490723}