{"train_r2":-0.13563992208992715,"test_mae":6.459599018096924,"learning_rate":0.00025,"_timestamp":1.7514401769934244e+09,"_step":146,"test_loss":5.969044208526611,"train_loss":5.948527812957764,"epoch":147,"_wandb":{"runtime":7107},"_runtime":7107,"test_r2":-0.10216552122235556,"train_mae":6.428881645202637}