{"learning_rate":0.0001,"epoch":71,"_step":70,"_wandb":{"runtime":10693},"test_r2":0.2792172745326891,"_timestamp":1.7538574039198515e+09,"_runtime":10693,"train_loss":47.00612258911133,"train_r2":0.23895463067293465,"train_mae":5.637090682983398,"test_mae":5.441197395324707,"test_loss":43.26101303100586}